Book Id,Title,Author,Author l-f,ISBN,ISBN13,My Rating,Average Rating,Publisher,Binding,Number of Pages,Year Published,Original Publication Year,Date Read,Date Added,Exclusive Shelf,Read Count,Owned Copies
25937923,32 Yolks: From My Mother's Table to Working the Line,Eric Ripert,"Ripert, Eric","=""0812992989""","=""9780812992984""",4,3.84,Random House,Hardcover,247,2016,2016,2017/12/26,2017/12/25,read,1,0
28092838,Absolutely on Music: Conversations with Seiji Ozawa,Haruki Murakami,"Murakami, Haruki","=""0804173729""","=""9781846559198""",2,3.85,Harvill Secker,Paperback,272,2016,2011,2017/12/22,2017/06/22,read,1,0
29938407,The Four Loves,C.S. Lewis,"Lewis, C.S.","=""0062565397""","=""9780062565396""",4,4.16,HarperOne,Paperback,192,2017,1960,2017/12/03,2017/11/13,read,1,0
140225,"The Voyage of the Dawn Treader (Chronicles of Narnia, #3)",C.S. Lewis,"Lewis, C.S.","=""006112527X""","=""9780061125270""",4,4.08,HarperCollins,Hardcover,248,2006,1952,2017/12/17,2017/12/12,read,1,0
76171,We,Yevgeny Zamyatin,"Zamyatin, Yevgeny","=""0140185852""","=""9780140185850""",4,3.95,Penguin Classics,Paperback,225,1993,1924,2016/05/22,2015/12/26,read,2,0
76171,We,Yevgeny Zamyatin,"Zamyatin, Yevgeny","=""0140185852""","=""9780140185850""",4,3.95,Penguin Classics,Paperback,225,1993,1924,2017/12/25,2015/12/26,read,2,0
4937,The Brothers Karamazov,Fyodor Dostoyevsky,"Dostoyevsky, Fyodor","=""0140449248""","=""9780140449242""",5,4.31,Penguin Books Ltd,Paperback,1013,2003,1880,2017/12/12,2015/01/05,read,2,0
4937,The Brothers Karamazov,Fyodor Dostoyevsky,"Dostoyevsky, Fyodor","=""0374528373""","=""9780140449242""",5,4.31,Penguin Books Ltd,Paperback,824,2003,1880,2016/01/24,2015/01/05,read,2,0
4937,The Brothers Karamazov,Fyodor Dostoyevsky,"Dostoyevsky, Fyodor","=""0374528373""","=""9780140449242""",5,4.31,Penguin Books Ltd,Paperback,824,2003,1880,2015/01/19,2015/01/05,read,2,0
9519556,The State of the Art,Iain M. Banks,"Banks, Iain M.","=""1857230302""","=""""",3,3.84,Orbit,Paperback,216,1993,1991,2017/12/05,2017/11/18,read,1,0
32920226,"Sing, Unburied, Sing",Jesmyn Ward,"Ward, Jesmyn","=""1501126067""","=""9781501126062""",5,4.14,Scribner,Hardcover,285,2017,2017,2017/11/18,2017/08/31,read,1,0
22749998,The Edge Becomes the Center: An Oral History of Gentrification in the 21st Century,DW Gibson,"Gibson, DW","=""1468308610""","=""9781468308617""",4,4.08,The Overlook Press,Hardcover,320,2015,2015,2017/11/05,2015/05/26,read,1,0
8246686,Invisible Cities,Italo Calvino,"Calvino, Italo","=""0099429837""","=""""",5,4.19,Harcourt Brace & Co,Paperback,165,1974,1972,2017/11/01,2017/10/28,read,1,0
168642,In Cold Blood,Truman Capote,"Capote, Truman","=""0679745580""","=""9780679745587""",4,4.05,Vintage,Paperback,343,1994,1966,2017/10/28,2015/04/17,read,1,0
29430055,Lucky Boy,Shanthi Sekaran,"Sekaran, Shanthi","=""1101982241""","=""9781101982242""",3,4.16,G.P. Putnam's Sons,Hardcover,472,2017,2017,2017/10/11,2017/03/08,read,1,0
29430845,Eight Flavors: The Untold Story of American Cuisine,Sarah Lohman,"Lohman, Sarah","=""1476753954""","=""9781476753959""",3,4.01,Simon & Schuster,Hardcover,288,2016,2016,2017/10/07,2017/01/21,read,1,0
31804450,God Is: A Devotional Guide to the Attributes of God,Mark   Jones,"Jones, Mark","=""143355562X""","=""9781433555626""",4,4.5,Crossway Books,Hardcover,240,2017,2017,2017/09/30,2017/08/03,read,1,0
28815512,Reputations,Juan Gabriel Vásquez,"Vásquez, Juan Gabriel","=""1594633479""","=""9781594633478""",3,3.69,Riverhead Books,Hardcover,193,2016,2006,2017/09/25,2016/08/31,read,1,0
30688435,Exit West,Mohsin Hamid,"Hamid, Mohsin","=""0735212171""","=""9780735212176""",3,3.82,Riverhead,Hardcover,240,2017,2017,2017/09/15,2017/09/06,read,1,0
11987,The Myth of Sisyphus and Other Essays,Albert Camus,"Camus, Albert","=""0679733736""","=""9780679733737""",4,4.19,Vintage International,Paperback,212,1991,1942,2017/09/23,2017/08/07,read,1,0
20170404,Station Eleven,Emily St. John Mandel,"Mandel, Emily St. John","=""0385353308""","=""9780385353304""",5,4.02,Knopf,Hardcover,336,2014,2014,2017/08/29,2017/08/20,read,1,0
26127593,The Gustav Sonata,Rose Tremain,"Tremain, Rose","=""1784740039""","=""9781784740030""",2,3.9,Chatto  Windus,Hardcover,241,2016,2016,2017/08/17,2017/01/01,read,1,0
13588356,"Daring Greatly: How the Courage to Be Vulnerable Transforms the Way We Live, Love, Parent, and Lead",Brené Brown,"Brown, Brené","=""1592407331""","=""9781592407330""",4,4.24,Avery,Hardcover,287,2012,2012,2017/08/05,2017/07/26,read,1,0
20893347,Prayer: Experiencing Awe and Intimacy with God,Timothy J. Keller,"Keller, Timothy J.","=""0525954147""","=""9780525954149""",4,4.37,Viking,Hardcover,336,2014,2014,2017/08/02,2015/01/19,read,2,0
20893347,Prayer: Experiencing Awe and Intimacy with God,Timothy J. Keller,"Keller, Timothy J.","=""0525954147""","=""9780525954149""",4,4.37,Viking,Hardcover,336,2014,2014,2015/01/15,2015/01/19,read,2,0
67825,Peopleware: Productive Projects and Teams,Tom DeMarco,"DeMarco, Tom","=""0932633439""","=""9780932633439""",4,4.15,"Dorset House Publishing Company, Incorporated",Paperback,245,1999,1987,2017/07/30,2017/02/06,read,1,0
12854,The Idiot,Fyodor Dostoyevsky,"Dostoyevsky, Fyodor","=""0375702245""","=""9780375702242""",5,4.18,Vintage Classics,Paperback,633,2003,1868,2017/07/25,2015/04/17,read,2,0
12854,The Idiot,Fyodor Dostoyevsky,"Dostoyevsky, Fyodor","=""0375702245""","=""9780375702242""",5,4.18,Vintage Classics,Paperback,633,2003,1868,2015/05/12,2015/04/17,read,2,0
18774964,A Man Called Ove,Fredrik Backman,"Backman, Fredrik","=""1476738017""","=""9781476738017""",5,4.35,Atria Books,Hardcover,337,2014,2012,2017/07/03,2017/06/28,read,1,0
30753828,The Road to Jonestown: Jim Jones and Peoples Temple,Jeff Guinn,"Guinn, Jeff","=""1476763828""","=""9781476763828""",3,4.13,Simon  Schuster,Hardcover,531,2017,2017,2017/06/21,2017/06/08,read,1,0
25614601,Sudden Death,Álvaro Enrigue,"Enrigue, Álvaro","=""1594633460""","=""9781594633461""",2,3.71,Riverhead Books,Hardcover,272,2016,2013,2017/06/17,2017/03/11,read,1,0
24921352,"Go Down, Moses",William Faulkner,"Faulkner, William","=""0679732179""","=""""",5,3.94,Vintage Books,Paperback,365,1991,1942,2017/06/10,2017/05/30,read,1,0
13641208,Tenth of December,George Saunders,"Saunders, George","=""0812993802""","=""9780812993806""",3,3.96,Random House,Hardcover,251,2013,2013,2017/05/30,2017/05/17,read,1,0
11250053,The Snow Child,Eowyn Ivey,"Ivey, Eowyn","=""0316175676""","=""9780316175678""",4,3.95,Reagan Arthur Books,Hardcover,386,2012,2012,2017/05/29,2017/03/05,read,1,0
31416340,Flight Path: A Search for Roots Beneath the World's Busiest Airport,Hannah  Palmer,"Palmer, Hannah","=""1938235282""","=""9781938235283""",4,4.25,Hub City Press,Paperback,232,2017,2017,2017/05/29,2017/03/21,read,2,0
46170,For Whom the Bell Tolls,Ernest Hemingway,"Hemingway, Ernest","=""0684803356""","=""9780684803357""",3,3.96,Scribner,Paperback,471,1995,1940,2017/05/29,2017/05/11,read,1,0
20696006,Being Mortal: Medicine and What Matters in the End,Atul Gawande,"Gawande, Atul","=""0805095152""","=""9780805095159""",5,4.41,Metropolitan Books,Hardcover,282,2014,2014,2017/05/15,2017/05/15,read,1,0
27071490,Homegoing,Yaa Gyasi,"Gyasi, Yaa","=""1101947136""","=""9781101947135""",5,4.41,Alfred A. Knopf,Hardcover,300,2016,2016,2017/05/10,2016/08/01,read,1,0
2907329,"Dostoevsky: Language, Faith, and Fiction",Rowan Williams,"Williams, Rowan","=""1602581452""","=""9781602581456""",5,4.25,Baylor University Press,Hardcover,290,2008,2008,2017/05/03,2017/03/03,read,,
29906980,Lincoln in the Bardo,George Saunders,"Saunders, George","=""0812995341""","=""9780812995343""",3,3.88,Random House,Hardcover,343,2017,2017,2017/04/16,2017/04/05,read,1,0
21816714,"Ordinary: Sustainable Faith in a Radical, Restless World",Michael S. Horton,"Horton, Michael S.","=""0310517370""","=""9780310517375""",3,4.13,Zondervan,Paperback,221,2014,2014,2017/04/12,2017/04/12,read,1,0
6629176,Growing in Christ,J.I. Packer,"Packer, J.I.","=""B0026IUOM8""","=""""",4,4.06,,Kindle Edition,290,,1994,2017/04/01,2017/02/23,read,1,0
9628743,"The Social Animal: The Hidden Sources of Love, Character, and Achievement",David  Brooks,"Brooks, David","=""140006760X""","=""9781400067602""",4,3.83,Random House,Hardcover,424,2011,2011,2017/04/01,2017/03/10,read,1,0
8622058,The Remains of the Day,Kazuo Ishiguro,"Ishiguro, Kazuo","=""B003VPWX6K""","=""""",4,4.1,Vintage,Kindle Edition,276,2010,1989,2017/03/30,2016/06/07,read,1,0
17245,Dracula,Bram Stoker,"Stoker, Bram","=""0393970124""","=""9780393970128""",4,3.98,Norton,Paperback,488,1986,1897,2017/03/21,2017/03/10,read,1,0
31679492,The Speed of Sound: Breaking the Barriers Between Music and Technology: A Memoir,Thomas Dolby,"Dolby, Thomas","=""B01D8FKXV4""","=""""",4,4.23,Flatiron Books,Kindle Edition,286,2016,,2017/03/05,2017/01/01,read,1,0
29983711,Pachinko,Min Jin Lee,"Lee, Min Jin","=""1455563935""","=""9781455563937""",4,4.21,Grand Central Publishing,Hardcover,496,2017,2017,2017/03/04,2017/02/02,read,1,0
5700,The Adolescent,Fyodor Dostoyevsky,"Dostoyevsky, Fyodor","=""0375719008""","=""9780375719004""",4,3.94,Vintage,Paperback,647,2004,1875,2017/02/21,2017/01/21,read,1,0
13629,The Mythical Man-Month: Essays on Software Engineering,Frederick P. Brooks Jr.,"Jr., Frederick P. Brooks","=""0201835959""","=""9780201835953""",3,4.05,Addison-Wesley Professional,Paperback,322,1995,1975,2017/02/02,2016/10/17,read,1,0
28566234,You Are What You Love: The Spiritual Power of Habit,James K.A. Smith,"Smith, James K.A.","=""B012H10K3G""","=""""",5,4.25,Brazos Press,Kindle Edition,225,2016,2016,2017/02/01,2016/12/31,read,1,0
28214365,Commonwealth,Ann Patchett,"Patchett, Ann","=""0062491792""","=""9780062491794""",4,3.83,Harper,Hardcover,336,2016,2016,2017/01/21,2016/08/31,read,1,0
73188,The Cross of Christ,John R.W. Stott,"Stott, John R.W.","=""083083320X""","=""9780830833207""",5,4.29,InterVarsity Press,Hardcover,380,2006,1986,2017/01/15,2016/11/25,read,1,0
17184818,Americanah,Chimamanda Ngozi Adichie,"Adichie, Chimamanda Ngozi","=""B00A9ET4MC""","=""""",4,4.27,Knopf,Kindle Edition,590,2013,2013,2017/01/14,2016/12/25,read,1,0
23590496,Fortune Smiles,Adam Johnson,"Johnson, Adam","=""0857522973""","=""9780857522979""",3,4.03,Doubleday,Hardcover,304,2015,2015,2017/01/08,2015/11/19,read,1,0
151,Anna Karenina,Leo Tolstoy,"Tolstoy, Leo","=""0143035002""","=""9780143035008""",5,4.03,Penguin Classics,Paperback,864,2004,1878,2015/08/02,2015/07/13,read,1,0
16204365,The Man in the High Castle,Philip K. Dick,"Dick, Philip K.","=""0547572484""","=""""",2,3.65,Penguin,Kindle Edition,274,2012,1962,2016/12/27,2016/12/26,read,1,0
27171845,Seinfeldia: How a Show About Nothing Changed Everything,Jennifer Keishin Armstrong,"Armstrong, Jennifer Keishin","=""1476756104""","=""9781476756103""",3,3.63,Simon  Schuster,Hardcover,307,2016,2016,2016/12/25,2016/12/18,read,1,0
17905322,The Martian Chronicles,Ray Bradbury,"Bradbury, Ray","=""B00CKOQC9C""","=""""",4,4.12,William Morrow Paperbacks; Reprint edition,Kindle Edition,298,2013,1950,2016/12/24,2016/12/13,read,1,0
25489625,Between the World and Me,Ta-Nehisi Coates,"Coates, Ta-Nehisi","=""0812993543""","=""9780812993547""",3,4.4,Spiegel & Grau,Hardcover,152,2015,2015,2015/12/29,2015/11/19,read,1,0
25614898,When Breath Becomes Air,Paul Kalanithi,"Kalanithi, Paul","=""081298840X""","=""9780812988406""",5,4.32,Random House,Hardcover,230,2016,2016,2016/08/31,2016/08/01,read,1,0
252981,The Collected Tales of Nikolai Gogol,Nikolai Gogol,"Gogol, Nikolai","=""0375706151""","=""9780375706158""",5,4.35,Vintage,Paperback,435,1999,1835,2016/12/12,2016/11/11,read,1,0
28268515,The Road Back to You: An Enneagram Journey to Self-Discovery,Ian Morgan Cron,"Cron, Ian Morgan","=""0830846190""","=""9780830846191""",4,4.34,IVP Books,Hardcover,238,2016,,2016/11/19,2016/11/13,read,1,0
28390369,Swing Time,Zadie Smith,"Smith, Zadie","=""0241144159""","=""9780241144152""",4,3.58,Hamish Hamilton,Hardcover,453,2016,2016,2016/12/03,2016/11/15,read,1,0
40102,Blink: The Power of Thinking Without Thinking,Malcolm Gladwell,"Gladwell, Malcolm","=""0316010669""","=""9780316010665""",3,3.9,Back Bay Books,Paperback,296,2007,2005,2016/11/30,2016/11/21,read,1,0
12497,No Country for Old Men,Cormac McCarthy,"McCarthy, Cormac","=""0375706674""","=""9780375706677""",4,4.13,Vintage,Paperback,309,2006,2005,2016/11/16,2016/08/28,read,1,0
25937999,"Southern Spirits: Four Hundred Years of Drinking in the American South, with Recipes",Robert F. Moss,"Moss, Robert F.","=""1607748673""","=""9781607748670""",5,3.95,Ten Speed Press,Hardcover,320,2016,2016,2016/11/14,2016/05/27,read,1,0
54811,Still Wild: Short Fiction of the American West 1950 to the Present,Larry McMurtry,"McMurtry, Larry","=""0684868830""","=""9780684868837""",3,3.71,Simon & Schuster,Paperback,416,2001,2000,2016/11/10,2016/08/01,read,1,0
24043208,The Soul of Shame: Retelling the Stories We Believe about Ourselves,Curt Thompson,"Thompson, Curt","=""0830844333""","=""9780830844333""",4,4.37,IVP Books,Hardcover,206,2015,2015,2016/11/02,2016/10/14,read,1,0
10979,Light in August,William Faulkner,"Faulkner, William","=""0679732268""","=""9780679732266""",4,3.93,Vintage,Paperback,507,1991,1932,2016/11/02,2016/10/22,read,1,0
29430012,A Gentleman in Moscow,Amor Towles,"Towles, Amor","=""0670026190""","=""9780670026197""",3,4.36,Viking,Hardcover,462,2016,2016,2016/10/22,2016/09/09,read,1,0
535494,How Should We Then Live? The Rise and Decline of Western Thought and Culture,Francis A. Schaeffer,"Schaeffer, Francis A.","=""0891072926""","=""9780891072928""",4,4.16,Crossway Books,Paperback,288,1983,1975,2016/10/16,2015/09/28,read,1,0
24724594,The Throwback Special,Chris Bachelder,"Bachelder, Chris","=""0393249468""","=""9780393249460""",4,3.53,W. W. Norton & Company,Hardcover,213,2016,2015,2016/10/06,2016/04/02,read,1,0
5695,Demons,Fyodor Dostoyevsky,"Dostoyevsky, Fyodor","=""0679734511""","=""9780679734512""",4,4.26,Vintage,Paperback,768,1995,1872,2016/09/29,2016/08/26,read,1,0
11191,"To Be Told: Know Your Story, Shape Your Future",Dan B. Allender,"Allender, Dan B.","=""1578569516""","=""9781578569519""",4,4.07,WaterBrook,Paperback,240,2006,2005,2016/09/24,2016/09/11,read,1,0
15863596,The Bondage of the Will,Martin Luther,"Luther, Martin","=""0801048931""","=""9780801048937""",4,4.18,Baker Academic,Paperback,328,2012,1525,2016/09/08,2016/07/06,read,1,0
25663870,Where We Want to Live: Reclaiming Infrastructure for a New Generation of Cities,Ryan Gravel,"Gravel, Ryan","=""1250078253""","=""9781250078254""",4,3.91,St. Martin's Press,Hardcover,256,2016,2016,2016/09/05,2016/05/27,read,1,0
25614595,"Better Living Through Criticism: How to Think about Art, Pleasure, Beauty, and Truth",A.O. Scott,"Scott, A.O.","=""1594204837""","=""9781594204838""",3,3.31,Penguin Press,Hardcover,288,2016,2016,2016/08/25,2016/07/09,read,1,0
6706748,The Death of Ivan Ilyich and Other Stories,Leo Tolstoy,"Tolstoy, Leo","=""0307268810""","=""9780307268815""",4,4.08,Knopf,Hardcover,500,2009,1865,2016/08/03,2016/06/22,read,1,0
636650,"Prince Caspian (Chronicles of Narnia, #4)",C.S. Lewis,"Lewis, C.S.","=""0064471055""","=""9780590254786""",3,3.96,Scholastic,Paperback,223,1995,1951,2016/08/24,2016/07/05,read,1,0
4406,East of Eden,John Steinbeck,"Steinbeck, John","=""0142000655""","=""9780142000656""",5,4.35,Penguin Books,Paperback,601,2002,1952,2016/08/19,2015/11/16,read,1,0
23848586,The Givenness of Things: Essays,Marilynne Robinson,"Robinson, Marilynne","=""0374298475""","=""9780374298470""",4,3.95,"Farrar, Straus and Giroux",Hardcover,286,2015,2015,2016/06/11,2015/12/08,read,1,0
77699,Dinner at the Homesick Restaurant,Anne Tyler,"Tyler, Anne","=""0449911594""","=""9780449911594""",4,3.81,Ballantine Books,Paperback,303,1996,1982,2016/06/11,2016/01/29,read,1,0
16735,The Prince of Tides,Pat Conroy,"Conroy, Pat","=""0553381547""","=""9780553381542""",3,4.22,Dial Press Trade Paperback,Paperback,679,2002,1986,2016/07/26,2016/03/23,read,1,0
25733990,"Sleeping Giants (Themis Files, #1)",Sylvain Neuvel,"Neuvel, Sylvain","=""1101886692""","=""9781101886694""",3,3.84,Del Rey,Hardcover,320,2016,2016,2016/08/01,2016/07/28,read,1,0
325473,"The Horse and His Boy (Chronicles of Narnia, #3)",C.S. Lewis,"Lewis, C.S.","=""0439861365""","=""9780590254779""",4,3.91,Scholastic,Paperback,224,1995,1954,2016/07/19,2016/07/05,read,1,0
5942993,"The Lion, the Witch and the Wardrobe",C.S. Lewis,"Lewis, C.S.","=""0064404994""","=""9780439861359""",4,4.2,Scholastic,Paperback,189,1995,1950,2016/07/13,2016/07/05,read,1,0
84367,"The Magician's Nephew (Chronicles of Narnia, #1)",C.S. Lewis,"Lewis, C.S.","=""0590254758""","=""9780590254755""",4,4.02,Scholastic,Mass Market Paperback,202,1995,1955,2016/07/09,2016/07/05,read,1,0
18716966,Till We Have Faces,C.S. Lewis,"Lewis, C.S.","=""B01EFM8NMK""","=""""",5,4.18,Mariner Books,Paperback,313,2012,1956,2016/07/02,2015/01/26,read,1,0
18716966,Till We Have Faces,C.S. Lewis,"Lewis, C.S.","=""B01EFM8NMK""","=""""",5,4.18,Mariner Books,Paperback,313,2012,1956,2015/05/10,2015/01/26,read,1,0
24796238,Fake Fruit Factory,Patrick Wensink,"Wensink, Patrick","=""1940430569""","=""9781940430560""",3,2.91,Curbside Splendor Publishing,Paperback,350,2015,2015,2016/07/04,2015/12/08,read,1,0
25956884,This Is Awkward: How Life's Uncomfortable Moments Open the Door to Intimacy and Connection,Sammy Rhodes,"Rhodes, Sammy","=""B010R2EISA""","=""""",4,3.95,Thomas Nelson,Kindle Edition,211,2016,2016,2016/06/28,2016/03/23,read,1,0
2228360,A Farewell To Arms,Ernest Hemingway,"Hemingway, Ernest","=""1451658168""","=""""",3,3.79,Charles Scribner's Sons,Hardcover,314,1957,1929,2016/06/22,2015/01/26,read,1,0
26499399,Knowing Christ,Mark   Jones,"Jones, Mark","=""1848716303""","=""9781848716308""",5,4.65,Banner of Truth,Paperback,256,2015,2015,2016/05/22,2015/12/25,read,1,0
114603,Forty Stories,Anton Chekhov,"Chekhov, Anton","=""0679733752""","=""9780679733751""",5,4.36,Vintage,Paperback,344,1991,1963,2016/05/13,2016/04/27,read,1,0
30137076,"Heal Us, Emmanuel: A Call for Racial Reconciliation, Representation, and Unity in the Church",Doug Serven,"Serven, Doug","=""B01F9WHFJ2""","=""""",4,4.45,Storied Communications,Kindle Edition,326,2016,,2016/06/20,2016/05/10,read,1,0
11206,In the Time of the Butterflies,Julia Alvarez,"Alvarez, Julia","=""0452274427""","=""9780452274426""",3,4.13,Plume,Paperback,324,1995,1994,2016/06/01,2016/01/29,read,1,0
22237161,The Sellout,Paul Beatty,"Beatty, Paul","=""0374260508""","=""9780374260507""",1,3.79,"Farrar, Straus and Giroux",Hardcover,304,2015,2015,2016/05/03,2015/12/08,read,1,0
7937843,Room,Emma Donoghue,"Donoghue, Emma","=""0316098337""","=""9780316098335""",3,4.03,"Little, Brown",Hardcover,321,2010,2010,2016/04/25,2016/01/29,read,1,0
119075,Dead Souls,Nikolai Gogol,"Gogol, Nikolai","=""0300060998""","=""9780300060997""",3,3.98,Yale University Press,Paperback,304,1996,1842,2016/04/21,2015/09/21,read,1,0
26187256,The Thing Itself,Adam Roberts,"Roberts, Adam","=""0575127724""","=""9780575127722""",4,3.7,Gollancz,Paperback,352,2015,2015,2016/04/07,2015/12/06,read,1,0
290979,War and Peace,Leo Tolstoy,"Tolstoy, Leo","=""0307266931""","=""9780307266934""",4,4.11,Knopf,Hardcover,1273,2007,1868,2016/03/29,2016/02/21,read,1,0
14291898,Church History in Plain Language,Bruce L. Shelley,"Shelley, Bruce L.","=""1401676316""","=""9781401676315""",4,4.13,Thomas Nelson,Paperback,560,2013,1982,2016/03/23,2015/11/29,read,1,0
22822881,Rain: A Natural and Cultural History,Cynthia Barnett,"Barnett, Cynthia","=""0804137099""","=""9780804137096""",3,3.86,Crown Publishers,Hardcover,355,2015,2015,2016/03/15,2015/12/14,read,1,0
12543,Bird by Bird: Some Instructions on Writing and Life,Anne Lamott,"Lamott, Anne","=""0385480016""","=""9780385480017""",5,4.23,Anchor,Paperback,237,1995,1994,2016/03/20,2016/03/15,read,1,0
52762,The Stories of Breece D'J Pancake,Breece D'J Pancake,"Pancake, Breece D'J","=""0316715972""","=""9780316715973""",4,4.15,Back Bay Books,Paperback,192,2002,1983,2016/03/07,2016/01/20,read,1,0
23637517,Lila,Marilynne Robinson,"Robinson, Marilynne","=""1250074843""","=""9781250074843""",4,3.9,Picador,Paperback,261,2015,2014,2016/02/21,2015/10/21,read,1,0
8146,The Stories of Vladimir Nabokov,Vladimir Nabokov,"Nabokov, Vladimir","=""0679729976""","=""9780679729976""",3,4.29,Vintage,Paperback,685,1996,1965,2016/02/20,2015/04/27,read,1,0
20922255,How to Read Literature Like a Professor Revised: A Lively and Entertaining Guide to Reading Between the Lines,Thomas C. Foster,"Foster, Thomas C.","=""0062301675""","=""""",4,3.64,Harper Perennial,Kindle Edition,371,2014,2003,2016/01/29,2016/01/13,read,1,0
18114449,An Unnecessary Woman,Rabih Alameddine,"Alameddine, Rabih","=""0802122140""","=""9780802122148""",3,3.81,Grove Press,Hardcover,291,2014,2014,2016/01/31,2016/01/25,read,1,0
25508114,The Art of Memoir,Mary Karr,"Karr, Mary","=""0062223062""","=""9780062223067""",4,4.07,Harper,Hardcover,225,2015,2015,2016/01/08,2015/11/19,read,1,0
857042,Catch-22,Joseph Heller,"Heller, Joseph","=""B0048WQDIE""","=""9780440111207""",4,3.98,Dell,Mass Market Paperback,463,1974,1961,2015/12/27,2015/04/27,read,1,0
11828537,Cat's Cradle,Kurt Vonnegut Jr.,"Jr., Kurt Vonnegut","=""B000SEH13C""","=""""",3,4.18,Dial Press,Paperback,287,2010,1963,2015/12/03,2015/07/20,read,1,0
168646,Slaughterhouse-Five,Kurt Vonnegut Jr.,"Jr., Kurt Vonnegut","=""0440180295""","=""9780440180296""",3,4.06,Dell,Mass Market Paperback,215,1998,1969,2015/03/04,2015/01/19,read,1,0
422612,A Confederacy of Dunces,John Kennedy Toole,"Toole, John Kennedy","=""0517122707""","=""9780517122709""",5,3.89,Wings Books,Hardcover,462,1994,1980,2015/02/22,2015/01/21,read,1,0
4397,The Grapes of Wrath,John Steinbeck,"Steinbeck, John","=""0143039431""","=""9780143039433""",4,3.93,Penguin Classics,Paperback,464,2006,1939,2015/08/17,2015/04/17,read,1,0
5699,The Master and Margarita,Mikhail Bulgakov,"Bulgakov, Mikhail","=""0141180145""","=""9780141180144""",4,4.32,Penguin Classics,Paperback,412,2001,1967,2015/11/15,2015/09/21,read,1,0
25845273,The Great Divorce,C.S. Lewis,"Lewis, C.S.","=""B002BD2US4""","=""""",5,4.28,HarperCollins,Paperback,146,2015,1945,2015/12/27,2015/01/26,read,1,0
331070,The Stranger,Albert Camus,"Camus, Albert","=""0881032476""","=""9780881032475""",3,3.96,Vintage International,Paperback,123,1989,1942,2015/03/28,2015/03/25,read,1,0
6071324,Crime and Punishment,Fyodor Dostoyevsky,"Dostoyevsky, Fyodor","=""0099981904""","=""""",5,4.19,Penguin,paperback,564,1993,1866,2015/03/24,2015/01/19,read,1,0
12864329,"Absalom, Absalom!",William Faulkner,"Faulkner, William","=""0075536579""","=""""",5,3.96,Vintage Books,Paperback,316,1990,1936,2015/10/29,2015/04/28,read,1,0
13356708,"The Return of the King (The Lord of the Rings, #3)",J.R.R. Tolkien,"Tolkien, J.R.R.","=""054792819X""","=""9780547928197""",5,4.51,Mariner Books,Paperback,520,2012,1955,2015/09/07,2015/08/31,read,1,0
6428447,"The Two Towers (The Lord of the Rings, #2)",J.R.R. Tolkien,"Tolkien, J.R.R.","=""B007978PKY""","=""""",5,4.42,Houghton Mifflin Harcourt,Kindle Edition,352,2012,1954,2015/08/30,2015/08/23,read,1,0
13356706,"The Fellowship of the Ring (The Lord of the Rings, #1)",J.R.R. Tolkien,"Tolkien, J.R.R.","=""0547928211""","=""9780547928210""",4,4.34,Mariner Books,Paperback,398,2012,1954,2015/08/23,2015/08/17,read,1,0
6495144,The Sound and the Fury,William Faulkner,"Faulkner, William","=""0808509829""","=""9780808509820""",4,3.86,Turtleback Books,Library Binding,326,1991,1929,2015/10/03,2015/09/22,read,1,0
10573526,Pale Fire,Vladimir Nabokov,"Nabokov, Vladimir","=""B004KABDSY""","=""""",3,4.19,Vintage,Kindle Edition,322,2011,1962,2015/10/13,2015/05/27,read,1,0
23236706,Side by Side: Walking with Others in Wisdom and Love,Edward T. Welch,"Welch, Edward T.","=""1433547112""","=""9781433547119""",3,4.21,Crossway Books,Paperback,176,2015,2015,2015/10/11,2015/08/17,read,1,0
24325830,A Mess of Help: From the Crucified Soul of Rock N' Roll,David W.F. Zahl,"Zahl, David W.F.","=""0990792706""","=""9780990792703""",4,4.39,Mockingbird Ministries Inc,Paperback,268,2014,2014,2015/02/01,2015/01/19,read,1,0
18803640,H is for Hawk,Helen Macdonald,"Macdonald, Helen","=""0224097008""","=""9780224097000""",4,3.73,Jonathan Cape,Hardcover,300,2014,2015,2015/12/24,2015/12/08,read,1,0
22928980,The First Collection of Criticism by a Living Female Rock Critic,Jessica  Hopper,"Hopper, Jessica","=""0983186332""","=""9780983186335""",1,4,Featherproof Books,Paperback,201,2015,2015,2015/12/12,2015/12/08,read,1,0
22749750,The Turner House,Angela Flournoy,"Flournoy, Angela","=""0544303164""","=""9780544303164""",4,3.64,Houghton Mifflin Harcourt,Hardcover,341,2015,2015,2015/12/10,2015/11/19,read,1,0
26529576,Changing the Subject: Art and Attention in the Internet Age,Sven Birkerts,"Birkerts, Sven","=""1555979106""","=""9781555979102""",5,3.25,Graywolf Press,ebook,,2015,2015,2015/12/06,2015/11/04,read,1,0
196482,God's Big Picture: Tracing the Story-Line of the Bible,Vaughan Roberts,"Roberts, Vaughan","=""0830853642""","=""9780851112985""",4,4.14,Inter-Varsity Press,Paperback,160,2003,2002,2015/11/27,2015/11/15,read,1,0
227571,Peace Like a River,Leif Enger,"Enger, Leif","=""0802139256""","=""9780802139252""",4,3.98,Atlantic Monthly Press,Paperback,312,2002,2001,2015/11/27,2015/11/23,read,1,0
2924318,"Home (Gilead, #2)",Marilynne Robinson,"Robinson, Marilynne","=""0374299102""","=""9780374299101""",4,3.97,"Farrar, Straus and Giroux",Hardcover,325,2008,2008,2015/11/22,2015/10/21,read,1,0
68210,"Gilead (Gilead, #1)",Marilynne Robinson,"Robinson, Marilynne","=""031242440X""","=""9780312424404""",4,3.84,Picador,Paperback,247,2006,2004,2015/10/21,2015/09/21,read,1,0
769289,That Half-Barbaric Twang: THE BANJO IN AMERICAN POPULAR CULTURE,Karen Linn,"Linn, Karen","=""025206433X""","=""9780252064333""",4,4.23,University of Illinois Press,Paperback,208,1994,1991,2015/10/04,2015/08/21,read,1,0
22474925,Notes from a Dead House,Fyodor Dostoyevsky,"Dostoyevsky, Fyodor","=""0307959597""","=""9780307959591""",4,4.04,Alfred A. Knopf,Hardcover,336,2015,1861,2015/09/22,2015/04/28,read,1,0
16043552,"The Summer of Beer and Whiskey: How Brewers, Barkeeps, Rowdies, Immigrants, and a Wild Pennant Fight Made Baseball America's Game",Edward Achorn,"Achorn, Edward","=""1610392604""","=""9781610392600""",3,3.66,PublicAffairs,Hardcover,336,2013,2013,2015/09/05,2015/06/06,read,1,0
11732002,"The Joy of Calvinism: Knowing God's Personal, Unconditional, Irresistible, Unbreakable Love",Gregory Forster,"Forster, Gregory","=""1433528347""","=""9781433528347""",4,4.06,Crossway Books,Paperback,208,2012,2012,2015/08/14,2015/07/27,read,1,0
18007564,The Martian,Andy Weir,"Weir, Andy","=""0804139024""","=""9780804139021""",5,4.4,Crown,Hardcover,369,2014,2012,2015/08/04,2015/07/20,read,1,0
22801012,Jesus Outside the Lines: A Way Forward for Those Who Are Tired of Taking Sides,Scott Sauls,"Sauls, Scott","=""1496400933""","=""9781496400932""",4,4.29,Tyndale House Publishers,Paperback,240,2015,2015,2015/07/27,2015/05/26,read,1,0
13600837,Shame Interrupted: How God Lifts the Pain of Worthlessness and Rejection,Edward T. Welch,"Welch, Edward T.","=""1935273981""","=""9781935273981""",4,4.18,New Growth Press,Paperback,337,2012,2012,2015/06/27,2015/05/16,read,1,0
5845,A Bend in the River,V.S. Naipaul,"Naipaul, V.S.","=""0330487140""","=""9780330487146""",3,3.77,Picador USA,Paperback,326,2002,1979,2015/06/01,2015/04/17,read,1,0
603260,The Minotaur Takes a Cigarette Break,Steven Sherrill,"Sherrill, Steven","=""0312308922""","=""9780312308926""",4,3.77,Picador,Paperback,313,2002,2000,2015/05/25,2015/04/17,read,1,0
284996,The Complete Stories,Flannery O'Connor,"O'Connor, Flannery","=""0374515360""","=""9780374515362""",5,4.44,"Farrar, Straus & Giroux",Paperback,555,2005,1971,2015/05/19,2015/01/22,read,1,0
6628488,Samson and the Pirate Monks: Calling Men to Authentic Brotherhood,Nate Larkin,"Larkin, Nate","=""B002H3MRS6""","=""""",3,4.02,,Kindle Edition,224,,2007,2015/05/12,2015/04/07,read,1,0
18765,"I, Claudius (Claudius, #1)",Robert Graves,"Graves, Robert","=""067972477X""","=""9780679724773""",4,4.27,Vintage,Paperback,468,1989,1934,2015/04/28,2015/04/05,read,1,0
315783,The Soul of Baseball: A Road Trip Through Buck O'Neil's America,Joe Posnanski,"Posnanski, Joe","=""0060854030""","=""9780060854034""",5,4.28,William Morrow,Hardcover,288,2007,2007,2015/04/27,2015/04/06,read,1,0
139855,Knowing God,J.I. Packer,"Packer, J.I.","=""083081650X""","=""9780830816507""",4,4.32,InterVarsity Press,Paperback,286,1993,1973,2015/04/27,2015/02/01,read,1,0
49455,Notes from Underground,Fyodor Dostoyevsky,"Dostoyevsky, Fyodor","=""067973452X""","=""9780679734529""",4,4.16,Vintage Classics,Paperback,136,1994,1864,2015/04/05,2015/04/05,read,1,0
8520610,Quiet: The Power of Introverts in a World That Can't Stop Talking,Susan Cain,"Cain, Susan","=""0307352145""","=""9780307352149""",4,4.04,"Crown Publishing Group/Random House, Inc.",Hardcover,337,2012,2012,2015/03/19,2015/02/22,read,1,0
17897480,Judges for You,Timothy J. Keller,"Keller, Timothy J.","=""190876290X","=""9781908762900",4,4.42,Good Book Co,Hardcover,217,2013,2013,2017/04/16,2017/04/06,read,1,0
29527138,"Befriend: Create Belonging in an Age of Judgment, Isolation, and Fear",Scott Sauls,"Sauls, Scott","=""1496400941","=""9781496400949",4,4.17,Tyndale House Publishers,Paperback,240,2016,2016,2017/06/07,2017/05/01,read,1,0
56083,In Dubious Battle,John Steinbeck,"Steinbeck, John","=""0143039636","=""9780143039631",3,3.88,Penguin Classics,Paperback,304,2006,1936,2017/04/30,2017/04/30,read,1,0
18890428,Confessions,Augustine of Hippo,"Hippo, Augustine of","=""014044114X""",=,4,3.89,Penguin,Kindle Edition,354,2003,397,2015/11/14,2015/09/16,currently-reading,2,0
